name,website,email,staff_list,city,state,country_id,twitter,facebook,instagram,linkedin,hype_m,submithub,description,user_id
2dopeboyz,www.2dopeboyz.com/,2dbz.music@gmail.com,,Las Vegas,NV,228,2dopeboyz,2dopeboyz,2dopeboyz,,FALSE,FALSE,Hip Hop,1
AdHoc,www.adhoc.fm,editorial@adhoc.fm,www.adhoc.fm/about/,Brooklyn,NY,228,adhocfm,adhocfm,adhocfm,,FALSE,FALSE,"Experimental, Alternative, Indie. Tendency to cover people who play their shows.",1
Adult Swim,www.adultswim.com/music/,,,Atlanta,GA,228,adultswim,adultswim,adultswim,,FALSE,FALSE,"Electronic, Hip Hop, Alternative. Album focused.",1
All Music,www.allmusic.com/,content.music@rovicorp.com,,San Francisco,CA,228,Allmusic,AllMusicDotCom,,all-media-network,FALSE,FALSE,All Genres. Album focused.,1
Altpress,www.altpress.com/,editorial@altpress.com,www.altpress.com/contact,Cleveland,OH,228,AltPress,altpress,AltPress,alternative-press-magazine,FALSE,FALSE,"Alternative, Metal, Rock",1
Antiquiet,www.antiquiet.com/,,,Los Angeles,CA,228,antiquiet,antiquiet,,,FALSE,FALSE,Rock leaning,1
Aquarium Drunkard,www.aquariumdrunkard.com/,,www.aquariumdrunkard.com/contact/,Los Angeles,CA,228,aquadrunkard,Aquarium-Drunkard-370693383415,aquariumdrunkard,,FALSE,FALSE,All Genres,1
Artist Direct,www.artistdirect.com/,,,Los Angeles,CA,228,ARTISTdirect,ARTISTdirect-85437842151,,artistdirect,FALSE,FALSE,All Genres,1
Attack Magazine,www.attackmagazine.com,hello@attackmagazine.com,,London,,227,attackmag1,attackmag,,,FALSE,FALSE,"Electronic, Experimental",1
Austin Chronicle,www.austinchronicle.com/music/,,www.austinchronicle.com/contact/,Austin,TX,228,AustinChronicle,AustinChronicle,,the-austin-chronicle,FALSE,FALSE,All Genres,1
Austin Town Hall,www.austintownhall.com/,info@austintownhall.com,austintownhall.com/staff/,Austin,TX,228,austintownhall,austintownhall,,,FALSE,FALSE,"Indie, Alternative, Singer/Songwriter",1
Baeble Music,www.baeblemusic.com/,editorial@baeblemusic.com,www.baeblemusic.com/about.aspx,Brooklyn,NY,228,BaebleMusic,BaebleMusic,baeblemusic,baeblemusic,FALSE,FALSE,All Genres,1
Bandcamp,www.bandcamp.com/,editorial@bandcamp.com,,San Francisco,CA,228,bandcamp,Bandcamp,bandcamp,bandcamp,TRUE,FALSE,All Genres. Artists must be uploaded to Bandcamp.,1
Bandsintown,www.news.bandsintown.com/home,,,New York,NY,228,Bandsintown,Bandsintown,bandsintown,bandsintown,FALSE,FALSE,All Genres. Live focused.,1
Bangin Beats,www.thebanginbeats.com/,info@thebanginbeats.com,thebanginbeats.com/about/,New Dehli,,102,thebanginbeats,thebanginbeats,thebanginbeats,the-bangin-beats,FALSE,FALSE,Electronic,1
Billboard,www.billboard.com/,,,New York,NY,228,billboard,Billboard,billboard,billboard,FALSE,FALSE,All Genres,1
Bitch Mag,www.bitchmedia.org/,,https://bitchmedia.org/staff,Portland,OR,228,bitchmedia,Bitch-Media-20954259668,bitchmedia,bitch-magazine,FALSE,FALSE,All Genres,1
blahblahblahscience,www.blahblahblahscience.com/,music@blahblahblahscience.com,blahblahblahscience.com/,Los Angeles,CA,228,b3science,blahblahblahscience,b3science,,FALSE,FALSE,All Genres,1
Boiler Room,www.boilerroom.tv/,editorial@boilerroom.tv,,London,,227,boilerroomtv,boilerroom.tv,boilerroomtv,boiler-room,FALSE,FALSE,"Electronic, Experimental. Live focused. No editorial at the moment. ",1
Boston Globe,www.bostonglobe.com/arts/music,,,Boston,MA,228,BostonGlobe,globe,bostonglobe,the-boston-globe,FALSE,FALSE,All Genres. Boston focused.,1
Brooklyn Vegan,www.brooklynvegan.com/,brooklynvegan@gmail.com,www.brooklynvegan.com/about-us/,Brooklyn,NY,228,brooklynvegan,BrooklynVegan,BrooklynVegan,brooklyn-vegan,FALSE,FALSE,All Genres,1
Bullett,www.bullettmedia.com/,info@bullettmagazine.com,,New York,NY,228,BULLETTMedia,BULLETT.Magazine,bullettmagazine,bullett-magazine,FALSE,FALSE,All Genres. Fashion focused.,1
Bust,www.bust.com/music/,,www.bust.com/info/info.html,Brooklyn,NY,228,bust_magazine,bustmag,bust_magazine,bust-magazine,FALSE,FALSE,Rock leaning. Female Focused.,1
BuzzFeed,www.buzzfeed.com/music,info@buzzfeed.com,,New York,NY,228,BuzzFeedMusic,BuzzFeedMusic,buzzfeed,buzzfeed,FALSE,FALSE,Pop,1
Buzznet,www.buzznet.com/category/music/,,,New York,NY,228,BUZZNET,Buzznet,buzznet,,FALSE,FALSE,Pop,1
C-Heads,www.c-heads.com/category/music/,contact@c-heads.com,,Berlin,,83,cheads,cheadsmagazine,cheadsmagazine,,FALSE,FALSE,All Genres. Fashion leaning.,1
Chicago Tribune,www.chicagotribune.com/entertainment/music/,,www.chicagotribune.com/about/chi-newspaperemail-htmlstory.html,Chicago,IL,228,chicagotribune,chicagotribune,chicagotribune,chicago-tribune-media-group,FALSE,FALSE,All Genres,1
Clash Music,www.clashmusic.com/,info@bust.com,www.clashmusic.com/page/contact-clash,London,,227,clash_music,clashmusic,clashmagazine,clash-music-group,FALSE,FALSE,All Genres,1
Cohl Kids,www.cohlkids.com/,,www.cohlkids.com/contact/,London,,227,,,cohlkids,,FALSE,FALSE,All Genres,1
Complex,www.complex.com/music/,info@complex.com,,New York,NY,228,complexmag,complex,Complex,complex-media,FALSE,FALSE,"Hip Hop, Pop, Electronic",1
Consequence of Sound,www.consequenceofsound.net/,submissions@consequenceofsound.net,consequenceofsound.net/about/,Chicago,IL,228,coslive,coslive,coslive,consequence-of-sound,FALSE,FALSE,All Genres,1
Cool Hunting,www.coolhunting.com/#listen,consider@coolhunting.com,consequenceofsound.net/about/,New York,NY,228,coolhunting,coolhunting,coolhunting,cool-hunting,FALSE,FALSE,All Genres,1
Crack Mag,www.crackmagazine.net/,crack@crackmagazine.net,,London,,228,CrackMagazine,crackmagazine,crack_magazine,crack-magazine,FALSE,FALSE,All Genres. Fashion focused.,1
Crave Online,www.craveonline.com/music/new-music,editor@craveonline.com,,Los Angeles,CA,228,craveonline,craveonline,craveonline,craveonline-media-llc,FALSE,FALSE,All Genres,1
Culture Collide,www.culturecollide.com/,,www.culturecollide.com/about,Los Angeles,CA,228,culturecollide,culturecollideofficial,officialculturecollide,collide-agency-llc,FALSE,FALSE,All Genres. Travel & Music.,1
Daily Beat,www.daily-beat.com/,,,Los Angeles,CA,228,DailyBeat,DailyBeat,dailybeatmedia,daily-beat,FALSE,FALSE,"Electronic, Indie, Hip Hop",1
Dancing Astronaut,www.dancingastronaut.com/,contact@dancingastronaut.com,www.dancingastronaut.com/about/,San Francisco,CA,228,dancingastro,dancingastronaut,dancingastro,dancing-astronaut,FALSE,FALSE,Electronic,1
Dazed & Confused,www.dazeddigital.com/music,,www.dazeddigital.com/contact,London,,227,dazed,DazedandConfusedMagazine,dazed,dazed-&-confused,FALSE,FALSE,All Genres. Fashion leaning.,1
Diffuser,www.diffuser.fm/,staff@diffuser.fm,diffuser.fm/staff-contact-info/,New York,NY,228,diffuserfm,diffuser,diffuserfm,,FALSE,FALSE,All Genres,1
DIY Mag,www.diymag.com/,,diymag.com/contacts,London,,227,diymagazine,diymag,diymagazine,this-is-fake-diy,FALSE,FALSE,All Genres. Indie leaning.,1
DJMag,www.djmag.com/,editors@djmag.com,djmag.com/content/submit-article,London,,227,DJmag,djmagazine,,dj-magazine,FALSE,FALSE,Electronic,1
do210,www.do210.com/,do210@do210.com,do210.com/p/about-do210,San Antonio,TX,228,Do210,Do210,do210,,FALSE,FALSE,All Genres. San Antonio focused.,1
do214,www.do214.com/,do214@do214.com,,Dallas,TX,228,Do214,do214,do214,,FALSE,FALSE,"All Genres. Dallas, TX focused.",1
do250,www.do250.com/,do250@do250.com,do250.com/p/http-newstuff-do250-com-p-about-us,Victoria,BC,39,Do250,Do250,do250,,FALSE,FALSE,"All Genres. Victoria, BC focused.",1
do312,www.do312.com/,do312@do312.com,do312.com/p/contact-us,Chicago,IL,228,Do312,Do312,do312chicago,,FALSE,FALSE,"All Genres. Chicago, IL focused.",1
do314,www.do314.com/,do314@do314.com,do314.com/p/about,St.Louis,MO,228,Do314,do314,do314,,FALSE,FALSE,"All Genres. St. Louis , MO focused.",1
do317,www.do317.com/,events@do317.com,do317.com/p/contact,Indianapolis,IN,228,do317,Do317,do317,,FALSE,FALSE,"All Genres. Indianapolis, IN focused.",1
do416,www.do416.to/,do416@do416.to,,Tononto,ON,39,Do416,Do416,do416,,FALSE,FALSE,"All Genres. Toronto, ON focused.",1
do502,www.do502.com/,do502@do502.com,do502.com/p/about-faq,Louisville,KY,228,Do502,do502,do502,,FALSE,FALSE,"All Genres. Louisville, KY focused.",1
do503,www.do503.com/,do503@do503.com,,Portland,OR,228,Do503,Do503,do503,,FALSE,FALSE,"All Genres. Portland, OR focused.",1
do512,www.do512.com/,do512@do512.com,do512.com/p/about,Austin,TX,228,Do512,Do512,do512,,FALSE,FALSE,"All Genres. Austin, TX focused.",1
do604,www.do604.com/,do604@do604.com,do604.com/p/about-us,Vancouver,WA,228,Do604,Do604,do604,,FALSE,FALSE,"All Genres. Vancouver, BC focused.",1
do615,www.do615.com/,do615@do615.com,do615.com/p/about-faq,Nashville,TN,228,do615nashville,do615,do615,,FALSE,FALSE,"All Genres. Nashville, TN. ",1
do617,www.do617.com/,do617@do617.com,do617.com/p/about,Boston,MA,228,Do617,Do617,do617,,FALSE,FALSE,"All Genres. New England, USA focused.",1
doLA,www.dola.com/,otto@dola.com,,Los Angeles,CA,228,helloDoLA,helloDoLA,hellodola,,FALSE,FALSE,"All Genres. Los Angeles, CA focused.",1
doSD,www.dosd.com/,dosd@dosd.com,,San Diego,CA,228,dosd,DoSanDiego,dosandiego,,FALSE,FALSE,"All Genres. San Diego, CA focused.",1
doTheBay,www.dothebay.com/,info@dothebay.com,,San Francisco,CA,228,DoTheBay,DoTheBay,dothebay,,FALSE,FALSE,"All Genres. San Francisco, CA focused.",1
Drowned in Sound,www.drownedinsound.com/,press.releases@drownedinsound.com,drownedinsound.com/contact,London,,227,drownedinsound,drownedinsound,drownedinsound,drownedinsound-com,FALSE,FALSE,All Genres,1
Dummy,www.dummymag.com/,editorial@dummymag.com,www.dummymag.com/contact-us,London,,227,DummyMag,DummyMag,dummymag,dummy,FALSE,FALSE,"Electronic, Alternative, Experimental",1
Earmilk,www.earmilk.com/,,earmilk.com/about/earmilk-authors/,Toronto,ON,39,earmilk,earmilk,earmilk,earmilk,TRUE,FALSE,All Genres,1
EDM Chicago,www.edmchicago.com/,info@edmchicago.com,edmchicago.com/about-us/,Chicago,IL,228,edmchicago,edmchicago,,edm-chicago,FALSE,FALSE,Electronic,1
EDM Life,www.edmlife.com/,,,Los Angeles,CA,228,EDMLife,EDMLife,edmlife,,FALSE,FALSE,Electronic,1
EDM Lounge,www.edmlounge.com/,,www.edmlounge.com/about-us/,New York,NY,228,EDMLounge,EDMLounge,edmlounge,,FALSE,FALSE,Electronic,1
EDM Maniac,www.edmmaniac.com/,info@edmmaniac.com,,Los Angeles,CA,228,EDMManiac,edmmaniacOfficial,edm.maniac,,FALSE,FALSE,Electronic,1
EDM Sauce,www.edmsauce.com/,press@edmsauce.com,www.edmsauce.com/about-us/staff/,Los Angeles,CA,228,edmsauce,edmsauce,edmsauce#,edm-sauce,FALSE,FALSE,Electronic,1
EDM Tunes,www.edmtunes.com/,info@edmtunes.com,www.edmtunes.com/about-us/,Los Angeles,CA,228,EDMTunes,EDMTunes,edmtunes,edm-sauce,FALSE,FALSE,Electronic,1
EDM.com,www.edm.com/,info@theedmnetwork.com,,Denver,CO,228,theedmnetwork,edm,edm,electronicdancemusic-com,FALSE,FALSE,Electronic,1
Electro Jams,www.electrojams.com/,,www.electrojams.com/authors/,,,228,electrojams,electrojams,electrojams,electrojams-electronic-dance-music-blog,FALSE,FALSE,Electronic,1
Entertainment Weekly,www.ew.com/music,,,New York,NY,228,ew,entertainmentweekly,entertainmentweekly,entertainment-weekly,FALSE,FALSE,All Genres,1
Examiner,www.axs.com,,,Los Angeles,CA,228,axs,axs,axstv,axs-com,FALSE,FALSE,All Genres,1
Exclaim!,www.exclaim.ca/,editorial@exclaim.ca,exclaim.ca/contact,Tononto,ON,39,exclaimdotca,exclaimdotca,exclaimdotca,exclaim-magazine,FALSE,FALSE,All Genres,1
Fact,www.factmag.com/,promos@factmag.com,www.factmag.com/about/,London,,227,FACTmag,FACTmagazine,factmag,fact-magazine-pt,FALSE,FALSE,All Genres,1
Flaunt Magazine,www.flaunt.com/,info@flauntmagazine.com,,Los Angeles,CA,228,FlauntMagazine,flauntmagazine,flauntmagazine,flaunt-magazine,FALSE,FALSE,All Genres. Fashion focused.,1
Flood Magazine,www.floodmagazine.com/,,floodmagazine.com/about/,Los Angeles,CA,228,floodmagazine,FLOODmag,floodmagazine,flood-magazine,FALSE,FALSE,All Genres,1
Frank151,www.frank151.com/category/music/,info@frank151.com,,Los Angeles,CA,228,FRANK151,frank151,frank151,frank151,FALSE,FALSE,Hip Hop,1
Fuse.tv,www.fuse.tv/,,,Los Angeles,CA,228,fusetv,Fuse,fusetv,fuse-tv,FALSE,FALSE,Pop,1
Global Dance Electronic,www.globaldanceelectronic.com/,gdeofficial@gmail.com,,Los Angeles,CA,228,globalDanceElec,GlobalDanceElectronicOfficial,globaldanceelectronic,,FALSE,FALSE,Electronic,1
Good Music All Day,www.goodmusicallday.com/,hello@goodmusicallday.com,goodmusicallday.com/ourteam/,Nashville,TN,228,GoodMusicAllDay,GoodMusicAllDay,goodmusicallday,goodmusicallday-com,FALSE,FALSE,All Genres,1
Gorilla Vs Bear,www.gorillavsbear.net/,,www.gorillavsbear.net/about/,,TX,228,gorillavsbear,gorillavsbear,gorillavsbear,gorilla-vs-bear,FALSE,FALSE,All Genres,1
High Times,www.hightimes.com/,hteditor@hightimes.com,,New York,NY,228,HIGH_TIMES_Mag,HIGHTIMESMag,hightimesmagazine,high-times,FALSE,FALSE,All Genres. Marijuana focused.,1
Hilly Dilly,www.hillydilly.com/,www.hillydilly.com/submit,www.hillydilly.com/about,Vancouver,BC,39,hillydilly,hillydillyblog,hillydillydotcom,,FALSE,FALSE,All Genres,1
Hip Hop DX,www.hiphopdx.com/,media@hiphopdx.com,hiphopdx.com/staff,Los Angeles,CA,228,hiphopdx,HipHopDX,hiphopdx,hiphopdx.com,FALSE,FALSE,Hip Hop,1
Hip Hop N More,www.hiphop-n-more.com/,,hiphop-n-more.com/contact-us/,,,228,HipHopNMore,hiphopnmore,hiphopnmore,,FALSE,FALSE,Hip Hop,1
Huffington Post,www.huffingtonpost.com/news/music/,,www.huffingtonpost.com/static/about-us,New York,NY,228,huffingtonpost,HuffingtonPost,huffingtonpost,the-huffington-post,FALSE,FALSE,All Genres,1
Huh Magazine,www.huhmagazine.co.uk/music,hello@huhmagazine.co.uk,,London,,227,huhmagazine,huhmagazine,huhmagazine,,FALSE,FALSE,All Genres. Fashion focused.,1
Hunger TV,www.hungertv.com/features/music/,,www.hungertv.com/pages/contact/,London,,227,hungermagazine,Hungertv,hungermagazine,,FALSE,FALSE,"Hip Hop, Pop",1
Hype Machine,www.hypem.com/premiere/,promote@hypem.com,hypem.com/about,Brooklyn,NY,228,hypem,hypem,hypem,the-hype-machine,FALSE,FALSE,"Alternative, Electronic, Experimental",1
Hypebeast,www.hypebeast.com/,info@hypebeast.com,hypebeast.com/contact,Hong Kong,,56,HYPEBEAST,hypebeast,hypebeast,hypebeast,FALSE,FALSE,"Hip Hop, Electronic",1
Hypetrak,www.hypetrak.com/,editorial@hypetrak.com,hypetrak.com/about/,Hong Kong,,56,hypetrak,hypetrak,hypetrak,hypebeast,FALSE,FALSE,"Hip Hop, Electronic",1
i-D,www.i-d.vice.com/en_us,us.editorial@i-d.co,,London,,227,i_D,iDmagazineofficial,i_D,i-d-magazine,FALSE,FALSE,All Genres. Fashion leaning.,1
Idol Mag,www.idolmag.co.uk/music/,,www.idolmag.co.uk/about-us/,London,,227,idolmagazine,idolmagazine,,idol-magazine,FALSE,FALSE,All Genres,1
Idolator,www.idolator.com/,,,New York,NY,228,idolator,idolatordotcom,idolator,,FALSE,FALSE,Pop,1
Impose Magazine,www.imposemagazine.com/,premieres@imposemagazine.com,www.imposemagazine.com/contact,Brooklyn,NY,228,IMPOSE,Impose,imposemagazine,impose,FALSE,FALSE,"Alternative, Indie",1
Independent,www.independent.co.uk/arts-entertainment/music,,www.independent.co.uk/service/contact-us-759589.html,London,,227,independent,TheIndependentOnline,,the-independent,FALSE,FALSE,All Genres,1
Indie Shuffle,www.indieshuffle.com/,submissions@indieshuffle.com,www.indieshuffle.com/pages/about/,San Francisco,CA,228,indieshuffle,indieshuffle,indie_shuffle,indie-shuffle-llc,FALSE,FALSE,All Genres,1
Insomniac,www.insomniac.com/,info@insomniac.com,,Los Angeles,CA,228,insomniacevents,insomniacevents,insomniacevents,insomniac-events,FALSE,FALSE,Electronic,1
Interview Magazine,www.interviewmagazine.com/music/,,,New York,NY,228,interviewmag,InterviewMagazineUS,interviewmag,interview-magazine,FALSE,FALSE,All Genres,1
IX Daily,www.ixdaily.com/,info@ixdaily.com,ixdaily.com/press,Montreal,QC,39,ixdaily,ixdaily,ixdaily,,FALSE,FALSE,All Genres. Usually Canadian Acts.,1
Juno Plus,www.junodownload.com/plus/,editorial@juno.co.uk,www.junodownload.com/plus/about-contact/,London,,227,junoplus,junoplusonline,,juno-records,FALSE,FALSE,Electronic. Must be uploaded to their store.,1
Just Jared,www.justjared.com/,editors@justjared.com,,New York,NY,228,justjared,justjared,justjared,just-jared-inc.,FALSE,FALSE,Pop,1
Konbini,www.konbini.com/us/category/entertainment/topic_music/,,,London,,227,konbini,Konbini,konbini,konbini,FALSE,FALSE,"All Genres. Fashion, Culture leaning.",1
Los Angeles Times,www.latimes.com/entertainment/music/,,"www.latimes.com/about/la-editorial-staff-directory-htmlstory.html, www.latimes.com/about/masthead/",Los Angeles,CA,228,latimesent,latimesent,latimes,los-angeles-times,FALSE,FALSE,All Genres. Celebrity leaning.,1
La Blogothèque,www.blogotheque.net/,redaction@blogotheque.net,,Paris,,76,blogotheque,blogotheque,,,FALSE,FALSE,All Genres. Live Session focused.,1
LA Weekly,www.laweekly.com/,,www.laweekly.com/about/staff,Los Angeles,CA,228,LAWeekly,LAWeekly,laweekly,la-weekly,FALSE,FALSE,All Genres,1
Large Up,www.largeup.com/,editorial@largeup.com,"www.largeup.com/about/team/, www.largeup.com/about/contributors/",New York,NY,228,largeupdotcom,largeupdotcom,largeupdotcom,,FALSE,FALSE,All Genres. Africafrican-American Music Focused.,1
Less Than 3,www.lessthan3.com/,demo@lessthan3.com,www.lessthan3.com/about,San Francisco,CA,228,lessthan3,lessthan3,lessthan3,less-than-3-productions,FALSE,FALSE,Electronic,1
Loud Wire,www.loudwire.com/,staff@loudwire.com,,New York,NY,228,Loudwire,LoudWire,Loudwire,,FALSE,FALSE,Metal,1
M Music & Musicians Magazine,www.mmusicmag.com/m/,,mmusicmag.com/m/change-of-address/,Los Angeles,CA,228,mmusicmag,Mmusicmag,mmusicmag,m-music-&-musicians-magazine,FALSE,FALSE,All Genres,1
Magnetic Magazine,www.magneticmag.com/,editorial@magneticmag.com,"www.magneticmag.com/page/contact/, www.magneticmag.com/page/contributors/",Los Angeles,CA,228,magnetic_mag,magneticmag,magnetic_magazine,magnetic-magazine,FALSE,FALSE,Electronic,1
Mass Appeal,www.massappeal.com/news/music/,hello@massappeal.com,massappeal.com/about/,New York,NY,228,MassAppeal,massappeal,massappeal,mass-appeal,TRUE,FALSE,"Hip Hop, Electronic",1
Ministry of Sound,www.ministryofsound.com/magazine,info@ministryofsound.com,,London,,227,ministryofsound,ministryofsound,,ministry-of-sound,FALSE,FALSE,Electronic,1
MixMag,www.mixmag.net/,house@mixmag.ne,www.mixmag.net/page/contact-mixmag/,London,,227,mixmag,MixmagMagazine,mixmagmagazine,mixmag,FALSE,FALSE,Electronic,1
Mojo,www.mojo4music.com/,mojo@bauermedia.co.uk,,London,,227,MOJOmagazine,MOJOmagazine,,bauer-media,FALSE,FALSE,All Genres,1
Monster Children,www.monsterchildren.com/category/news/music/,monster@monsterchildren.com,www.monsterchildren.com/contributors/,Sydney,NSW,13,monsterchildren,MonsterChildrenMagazine,monsterchildren,monster-children-group,FALSE,FALSE,All Genres. Video focused.,1
MTV,www.mtv.com/,,,New York,NY,228,MTV,MTV,mtv,,FALSE,FALSE,All Genres,1
Music Ohm,www.musicomh.com/,pressreleases@musicomh.com,www.musicomh.com/staff/,London,,227,musicomh,musicomh,,,FALSE,FALSE,All Genres,1
Music Times,www.musictimes.com/,info@musictimes.com,www.musictimes.com/about-us,New York,NY,228,themusictimes,MusicTimesCom,themusictimes,music-times-network,FALSE,FALSE,All Genres,1
mxdwn,www.music.mxdwn.com/,,music.mxdwn.com/contact/,Los Angeles,CA,228,mxdwn,mxdwn,mxdwn,,FALSE,FALSE,All Genres,1
Nerdist,www.nerdist.com/category/music/,stuff@nerdist.com,,Los Angeles,CA,228,NerdistMusic,Nerdist,nerdist,nerdist-industries,FALSE,FALSE,All Genres,1
New York Times,www.nytimes.com/sectiorts/music,,,New York,NY,228,nytimes,nytimes,nytimes,the-new-york-times,FALSE,FALSE,All Genres,1
New Yorker,www.newyorker.com/,,www.newyorker.com/contributors,New York,NY,228,newyorker,newyorker,,the-new-yorker,FALSE,FALSE,All Genres,1
NME,www.nme.com/,,www.nme.com/contact,London,,227,NME,nmemagazine,nmemagazine,nme,FALSE,FALSE,All Genres,1
Noise Porn,www.noiseprn.com/,editor@noiseporn.com,www.noiseprn.com/aboutus/,Tampa,FL,228,noiseporn,noiseporn,noiseprn,noiseporn,FALSE,FALSE,All Genres,1
Noisey,www.noisey.vice.com/en_us,noisey-media@vice.com,,New York,NY,228,noiseymusic,Noisey,noisey,,FALSE,FALSE,All Genres,1
Nowness,www.nowness.com/category/music,,,New York,NY,228,NOWNESS,nowness,nowness,nowness-com,FALSE,FALSE,All Genres. Video focused.,1
NPR,www.npr.org/music/,allsongs@npr.org,,Washington DC,,228,nprmusic,nprmusic,nprmusic,npr,FALSE,FALSE,All Genres,1
Nylon Magazine,www.nylon.com/music,,www.nylon.com/team-nylon,New York,NY,228,NylonMag,nylon,nylonmag,nylon-llc-,FALSE,FALSE,All Genres,1
NYmusikk,www.nymusikk.no/en/,nymusikk@nymusikk.no,,Oslo,,160,nymusikk,nymusikk,nymusikk,,FALSE,FALSE,Experimental,1
Okayafrica,www.okayafrica.com/,submissions@okayafrica.com,www.okayafrica.com/team/,New York,NY,228,okayafrica,okayafrica,okayafrica,okayafrica,FALSE,FALSE,All Genres. Africafrican-American Music Focused.,1
Okayplayer,www.okayplayer.com/,,www.okayplayer.com/about/team,New York,NY,228,okayplayer,okayplayer,okayplayer,okayplayer.com,FALSE,FALSE,All Genres. Africafrican-American Music Focused.,1
Oki-ni,editorial.oki-ni.com/mix-series/,,,London,,227,okini,oki.ni,okiniofficial,oki-ni-limited,FALSE,FALSE,All Genres,1
Out,www.out.com/entertainment/music,,www.out.com/staff,New York,NY,228,outmagazine,outmagazine,outmagazine,out-magazine,FALSE,FALSE,All Genres. LGBTI Artists.,1
Oyster,www.oystermag.com/music,editorial@oystermag.com,,Sydney,NSW,13,oystermag,oystermagazine,oystermagazine,oyster-magazine,FALSE,FALSE,All Genres. Fashion focused.,1
Paper Mag,www.papermag.com/music/,edit@papermag.com,www.papermag.com/contact-us-1428076715.html,New York,NY,228,papermagazine,papermag,papermagazine,paper-magazine,FALSE,FALSE,All Genres,1
Paste Magazine,www.pastemagazine.com/music,,https://www.pastemagazine.com/contributor-information,Decatur,GA,228,PasteMagazine,PasteMagazine,pastemagazine,paste-magazine,FALSE,FALSE,All Genres,1
Pigeons & Planes,www.pigeonsandplanes.com/,submissions@pigeonsandplanes.com,,New York,NY,228,pigsandplans,PigsAndPlans,pigsandplans,,FALSE,FALSE,All Genres,1
Pitchfork,www.pitchfork.com/,news@pitchfork.com,,New York,NY,228,pitchfork,pitchfork,pitchfork,pitchfork-media,FALSE,FALSE,All Genres,1
Pop Justice,www.popjustice.com/,hiya@popjustice.com,www.popjustice.com/contact,London,,227,popjustice,popjustice,popjustice,,FALSE,FALSE,Pop,1
Pop Matters,www.popmatters.com/music/,features@popmatters.com,www.popmatters.com/contributors/,Chicago,IL,228,popmatters,popmatters,popmatters,popmatters,FALSE,FALSE,All Genres,1
Pop Press International ,www.poppressinternational.com/,,,Austin,TX,228,poppressintl,poppressinternational,,,FALSE,FALSE,All Genres,1
Popcrush,www.popcrush.com/category/music-news/,staff@popcrush.com,,New York,NY,228,popcrush,PopCrush,popcrush,,FALSE,FALSE,Pop,1
Punk News,https://www.punknews.org/,,https://www.punknews.org/about,Toronto,ON,39,punknews,punknews,punknews,punknews.org,FALSE,FALSE,"Rock, Metal",1
Red Bull,www.daily.redbullmusicacademy.com/,info@redbullmusicacademy.com,www.redbullmusicacademy.com/p/contact-us,Fuschl am See,,14,rbma,RedBullMusicAcademy,redbullmusicacademy,red-bull-media-house,FALSE,FALSE,"Experimental, Electronic",1
Refinery 29,www.refinery29.com/music/,press@refinery29.com,,New York,NY,228,Refinery29,refinery29,refinery29,refinery29-inc-,FALSE,FALSE,Pop,1
Relix Mag,www.relix.com/,,"www.relix.com/about, www.relix.com/contact",New York,NY,228,RelixMag,RelixMagazine,relixmag,relix-magazine,FALSE,FALSE,All Genres,1
Resident Advisor,www.residentadvisor.net/,,https://www.residentadvisor.net/staff.aspx,Berlin,,83,residentadvisor,residentadvisor,resident_advisor,resident-advisor,FALSE,FALSE,"Electronic, Experimental",1
Revive Music,www.revive-music.com/,,,New York,NY,228,REVIVEmusic,revivemusicgroup,revivemusic,revive-music-group,FALSE,FALSE,Jazz,1
Rolling Stone,www.rollingstone.com/music,rseditors@rollingstone.com,,New York,NY,228,rollingstone,RollingStone,rollingstone,rolling-stone,FALSE,FALSE,All Genres,1
Rookie Mag,www.rookiemag.com/category/music/,submission@rookiemag.com,www.rookiemag.com/us/ & www.rookiemag.com/category/music/,New York,NY,228,rookiemag,RookieMag,rookiemag,,FALSE,FALSE,All Genres. Female Focused.,1
Run The Trap,www.runthetrap.com/,trapisthefuture@gmail.com,,Chicago,IL,228,runthetrap,RunTheTrap,runthetrap,run-the-trap,FALSE,FALSE,Hip Hop,1
Russh,www.russh.com/,info@russh.com,www.russh.com/about/,Sydney,NSW,13,russh_magazine,RusshMagazine,russhmagazine,russh-magazine,FALSE,FALSE,All Genres. Fashion focused.,1
Slant Magazine,www.slantmagazine.com/music,,www.slantmagazine.com/staff,New York,NY,228,Slant_Magazine,slantmagazine,,,FALSE,FALSE,All Genres,1
Sofar Sounds,www.sofarsounds.com/,info@sofarsounds.com,https://www.sofarsounds.com/contact,New York,NY,228,sofarsounds,sofarsounds,sofarsounds,sofar-sounds,FALSE,FALSE,All Genres,1
Solid Steel,www.ninjatune.net/home,solidsteel@ninjatune.net,,Los Angeles,CA,228,ninjatune,ninjatuneofficial,ninjatunehq,ninja-tune,FALSE,FALSE,Electronic,1
Spin,www.spin.com/,tips@spin.com,,Los Angeles,CA,228,spinmagazine,SPIN,spinMagazine,buzzmedia_37056,FALSE,FALSE,All Genres,1
Stereogum,www.stereogum.com/,,www.stereogum.com/about/,New York,NY,228,stereogum,Stereogum,stereogum,stereogum,FALSE,FALSE,All Genres,1
Taste Of Country,www.tasteofcountry.com/,staff@tasteofcountry.com,,Nashville,TN,228,tasteofcountry,thetasteofcountry,tasteofcountry,a-taste-of-country,FALSE,FALSE,Country,1
Teen Vogue,www.teenvogue.com/entertainment/music,web@teenvogue.com,,,,228,TeenVogue,teenvogue,teenvogue,teen-vogue,FALSE,FALSE,Pop,1
The 405,www.thefourohfive.com/music,hi@thefourohfive.com,https://www.thefourohfive.com/page/about-us,London,,227,The405,the405,the405,the-405,FALSE,FALSE,All Genres,1
The A.V. Club,www.avclub.com/music/,tips@theonion.com,www.avclub.com/about/,Chicago,IL,228,TheAVClub,theavclub,theavc,,FALSE,FALSE,All Genres,1
The Boombox,www.theboombox.com/,staff@theboombox.com,,Lehi,UT,228,theboombox,theboombox,theboomboxgram,boombox,FALSE,FALSE,Hip Hop,1
The Fader,www.thefader.com,pr@thefader.com,,New York,NY,228,thefader,thefader,thefader,the-fader,FALSE,FALSE,All Genres,1
The Grape Juice,www.thatgrapejuice.net/,freshness@thatgrapejuice.net,"thatgrapejuice.net/contact/, thatgrapejuice.net/that-grape-juice/",,,228,thatgrapejuice,thatgrapejuiceofficial,thatgrapejuice,,FALSE,FALSE,Hip Hop,1
The Guardian,www.theguardian.com/music,,https://www.theguardian.com/info/2014/oct/22/the-guardian-us-team-reporters-and-correspondents,London,,227,guardianmusic,musicguardian,guardian,guardian-news-&-media,FALSE,FALSE,All Genres,1
The Line Of Best Fit,www.thelineofbestfit.com/,news@thelineofbestfit.com,www.thelineofbestfit.com/about,London,,227,bestfitmusic,thelineofbestfit,thelineofbestfit,the-line-of-best-fit,FALSE,FALSE,All Genres,1
The Quietus,www.thequietus.com,,thequietus.com/articles/11638-contact-us,London,,227,thequietus,TheQuietus,,the-quietus,FALSE,FALSE,All Genres,1
The Rap Up,www.rap-up.com,info@rap-up.com,,Los Angeles,CA,228,rapup,rapup,rapup,,FALSE,FALSE,Hip Hop,1
The Source,www.thesource.com/,editorial@thesource.com,,New York,NY,228,TheSource,TheSourceMagazine,thesource,the-source-magazine,FALSE,FALSE,Hip Hop,1
The Untz,www.theuntz.com/,support@theuntz.com,www.theuntz.com/about/,Denver,CO,228,theuntz,theuntz,theuntz,the-untz,FALSE,FALSE,Electronic,1
The Village Voice,www.villagevoice.com/music,,www.villagevoice.com/about/staff,New York,NY,228,villagevoice,villagevoice,,village-voice-media,FALSE,FALSE,All Genres,1
The Wild Honey Pie,www.thewildhoneypie.com/,hello@thewildhoneypie.com,www.thewildhoneypie.com/authors/,New York,NY,228,thewildhoneypie,thewildhoneypie,thewildhoneypie,the-wild-honey-pie,FALSE,FALSE,All Genres,1
The Wire,www.thewire.co.uk/,,www.thewire.co.uk/about/about_us,London,,227,thewiremagazine,The.Wire.Magazine,thewiremagazine,,FALSE,FALSE,Experimental,1
This Song Is Sick,www.thissongissick.com/,submission@thissongissick.com,,Boulder,CO,228,thissongissick_,thissongissick,,thissongissick-com,FALSE,FALSE,Electronic,1
This Song Slaps,www.thissongslaps.com/,team@thissongslaps.com,,San Francisco,CA,228,thissongslaps,thissongslaps,,thissongslaps-com,FALSE,FALSE,Electronic,1
Thump,www.thump.vice.com/,thump@vice.com,,New York,NY,228,thumpthump,thumpthump,thump,,FALSE,FALSE,Electronic,1
Time Out New York,www.timeout.com/newyork/music,,,New York,NY,228,TimeOutNewYork,timeoutnewyork,,time-out-new-york,FALSE,FALSE,All Genres,1
Time Out America,https://www.timeout.com/usa,,,New York,NY,228,TimeOut,timeoutusa,,time-out-new-york,FALSE,FALSE,All Genres,1
Tiny Mix Tapes,www.tinymixtapes.com/,submissions@tinymixtapes.com,www.tinymixtapes.com/about,Minneapolis,MN,228,tinymixtapes,tinymixtapes,tinymixtapes,tiny-mix-tapes,FALSE,FALSE,All Genres,1
Ultimate Classic Rock,www.ultimateclassicrock.com/,staff@ultimateclassicrock.com,,Cleveland,OH,228,UltClassicRock,ultimateclassicrock,ultimateclassicrock,,FALSE,FALSE,Rock,1
Uptown Magazine,www.uptownmagazine.com/music/,editors@uptownmagazine.com,,New York,NY,228,UPTOWNmagazine,uptownmagazine,uptownmagazine,uptown-magazine,FALSE,FALSE,Hip Hop,1
V Magazine,vmagazine.com/filters/music/,info@vmagazine.com,vmagazine.com/contact/,New York,NY,228,vmagazine,VMagazine,vmagazine,,FALSE,FALSE,Pop focused,1
Verge magazine,www.vergemagazine.co.uk/entertainment/music-entertainment/,,vergemagazine.co.uk/contact/,London,,227,VergeMagOnline,VergeMagazineUk,vergemagonline,verge-magazine,FALSE,FALSE,Electronic,1
Vibe,www.vibe.com/category/music/,,,New York,NY,228,vibemagazine,vibe,VIBEmagazine,vibe-media,FALSE,FALSE,Hip Hop,1
Vice,www.vice.com/music,vice@vice.com,,New York,NY,228,vice,Vice,vice,vice-media,FALSE,FALSE,Hip Hop,1
Vulture,www.vulture.com/music/,,www.vulture.com/music/,New York,NY,228,vulture,Vulture,vulture,new-york-magazine,FALSE,FALSE,All Genres,1
Wall Street Journal,www.blogs.wsj.com/speakeasy/category/new-music/,,Right hand side of website,New York,NY,228,wsjleisurearts,wsj,wsj,the-wall-street-journal,FALSE,FALSE,All Genres,1
We Got This Covered,www.wegotthiscovered.com/music/,info@wegotthiscovered.com,,Toronto,ON,39,wgtc_site,WeGotThisCovered,wgtcinsta,we-got-this-covered,FALSE,FALSE,Electronic,1
Wonderland Magazine,www.wonderlandmagazine.com/category/music/,,www.wonderlandmagazine.com/contact/,London,,227,wonderlandmag,WonderlandMagazine,wonderlandmag,wonderland-magazine,FALSE,FALSE,All Genres,1
Wunderground,www.wundergroundmusic.com/,,,Dublin,,105,Wunderground_ie,goingwunderground,wundergroundmusic,,FALSE,FALSE,Electronic,1
XLR8R,www.xlr8r.com/,press@xlr8r.com,,Los Angeles,CA,228,XLR8R,XLR8Rmag,xlr8r_official,xlr8r,FALSE,FALSE,"Electronic, Experimental",1
XXL,www.xxlmag.com/,xxlwebcandy@xxlmag.com,www.xxlmag.com/contact/,Greenwich,CT,228,XXL,xxlmag,xxl,,FALSE,FALSE,Hip Hop,1
Yahoo Music,www.yahoo.com/music/,,,Sunnyvale,CA,228,YahooMusic,yahoomusic,yahoomusic,yahoo,FALSE,FALSE,Pop,1
Your EDM,www.youredm.com/,dropbox@youredm.com,"www.youredm.com/about-us/, www.youredm.com/contact-us/",Seattle,WA,228,YourEDM,YourEdm,youredm,your-edm,FALSE,FALSE,Electronic,1
Yours Truly,www.yourstru.ly/stories/fall-session,me@yourstru.ly,,Los Angeles,CA,228,yourstrulysf,yourstrulysf,yourstrulysf,yourstru-ly,FALSE,FALSE,All Genres,1
Zumic,www.zumic.com,,zumic.com/zumic-team/,New York,NY,228,Zumic,zumicnews,zumicnews,zumic,FALSE,FALSE,All Genres,1